{
  "extra": {
    "features_version": 2
  },
  "feature_count": 9,
  "feature_names_hash": "9af2347237de5667",
  "git_commit": "255c69d42ea60d30be77187c0b40a4379a05f886",
  "git_dirty": true,
  "model_file": "lstm_ae.pt",
  "model_type": "lstm_autoencoder",
  "n_test_rows": 153009,
  "n_train_rows": 585807,
  "n_val_rows": 28801,
  "schema_version": 1,
  "training_config": {
    "batch_size": 256,
    "device": "mps",
    "early_stopping_patience": 4,
    "hidden_dim": 64,
    "input_dim": 9,
    "latent_dim": 32,
    "n_epochs": 30,
    "n_layers": 2,
    "seq_len": 60,
    "threshold_percentile": 95.0,
    "threshold_value": 0.9642199277877808,
    "trainer": "scripts/train_lstm_only.py (standalone)"
  },
  "training_date_utc": "2026-04-08T15:46:45.625148+00:00",
  "val_metrics": {
    "best_val_loss": 0.548631489276886,
    "burn_in_size": 23251.0,
    "test_detection_rate_alive": 0.4391998691884232,
    "test_detection_rate_all": 0.44005442176870746,
    "test_failure_detection_rate": 0.44005442176870746,
    "test_healthy_far": 0.1218604851195596,
    "test_mean_error_failure": 32.35268783569336,
    "test_mean_error_failure_alive": 3.423438549041748,
    "test_mean_error_failure_dead": 18988.240234375,
    "test_mean_error_healthy": 0.5163329839706421,
    "test_n_failure_alive": 36694.0,
    "test_n_failure_dead": 56.0,
    "test_separation_ratio": 62.65857274291987,
    "test_separation_ratio_alive": 6.630292186091291,
    "test_separation_ratio_all": 62.65857274291987,
    "threshold_calibration": "test_healthy_burn_in_20pct"
  }
}