{
  "extra": {
    "features_version": 3
  },
  "feature_count": 9,
  "feature_names_hash": "9af2347237de5667",
  "git_commit": "e9a14892bc815a1e07288afe734008148555873d",
  "git_dirty": true,
  "model_file": "lstm_ae.pt",
  "model_type": "lstm_autoencoder",
  "n_test_rows": 153009,
  "n_train_rows": 585807,
  "n_val_rows": 28801,
  "schema_version": 1,
  "training_config": {
    "batch_size": 256,
    "device": "mps",
    "early_stopping_patience": 4,
    "hidden_dim": 64,
    "input_dim": 9,
    "latent_dim": 32,
    "n_epochs": 30,
    "n_layers": 2,
    "seq_len": 60,
    "threshold_percentile": 95.0,
    "threshold_value": 0.9929590821266174,
    "trainer": "scripts/train_lstm_only.py (standalone)"
  },
  "training_date_utc": "2026-04-09T04:38:50.992322+00:00",
  "val_metrics": {
    "best_val_loss": 0.5793198347091675,
    "burn_in_size": 23251.0,
    "test_detection_rate_alive": 0.3852945985719736,
    "test_detection_rate_all": 0.38623129251700683,
    "test_failure_detection_rate": 0.38623129251700683,
    "test_healthy_far": 0.1003354550146224,
    "test_mean_error_failure": 32.17688751220703,
    "test_mean_error_failure_alive": 3.290701150894165,
    "test_mean_error_failure_dead": 18959.853515625,
    "test_mean_error_healthy": 0.5777985453605652,
    "test_n_failure_alive": 36694.0,
    "test_n_failure_dead": 56.0,
    "test_separation_ratio": 55.688765177017885,
    "test_separation_ratio_alive": 5.695239590540436,
    "test_separation_ratio_all": 55.688765177017885,
    "threshold_calibration": "test_healthy_burn_in_20pct"
  }
}