{
  "extra": {
    "features_version": 3,
    "test_failures_detected": 4,
    "test_failures_total": 6
  },
  "feature_count": 175,
  "feature_names_hash": "e63ac8737666c65c",
  "git_commit": "e9a14892bc815a1e07288afe734008148555873d",
  "git_dirty": true,
  "model_file": "xgboost_failure.joblib",
  "model_type": "xgboost_binary",
  "n_test_rows": 1187580,
  "n_train_rows": 3423480,
  "n_val_rows": 270540,
  "schema_version": 1,
  "training_config": {
    "learning_rate": 0.05,
    "max_depth": 6,
    "n_estimators": 400,
    "scale_pos_weight": "sqrt-capped",
    "split": "split_temporal_tvt(0.55, 0.15)",
    "threshold_strategy": "f1_with_floor",
    "threshold_value": 0.026287296786904335,
    "tree_method": "hist"
  },
  "training_date_utc": "2026-04-09T04:03:20.071287+00:00",
  "val_metrics": {
    "accuracy": 0.8923196753060847,
    "auc_pr": 0.23087607881138103,
    "auc_roc": 0.851416758823419,
    "f1": 0.21685477895020486,
    "precision": 0.23486416215642578,
    "recall": 0.20141061373073205
  }
}